{
  "split": "test",
  "use_ema": true,
  "eval_num_per_class": 256,
  "left": {
    "log_psd_mse": 0.6961076855659485,
    "global_percentile_mae": 0.002974690170958638,
    "n_real": 152,
    "n_fake": 152,
    "real_minmax": [
      -0.23687167465686798,
      0.21371862292289734
    ],
    "fake_minmax": [
      -0.15606361627578735,
      0.12554247677326202
    ]
  },
  "right": {
    "log_psd_mse": 0.723628580570221,
    "global_percentile_mae": 0.0035430595744401217,
    "n_real": 151,
    "n_fake": 151,
    "real_minmax": [
      -0.30093687772750854,
      0.2585890591144562
    ],
    "fake_minmax": [
      -0.2064974457025528,
      0.13206923007965088
    ]
  }
}